ID,RA_CFIS,DEC_CFIS,MAG_AUTO_r,name,RA_SLED,DEC_SLED,paper_id,DECALS
2017253021765,10.5492961,36.4195121,20.364,UNIONS J004211+362510,10.5493,36.4195,2022A&A...666A...1S,https://www.legacysurvey.org/viewer?ra=10.5493&dec=36.4195&layer=ls-dr9&zoom=16
2036242016155,20.7959805,30.96186,20.6312,J0123+3057,20.796,30.9619,2021ApJ...909...27H,https://www.legacysurvey.org/viewer?ra=20.796&dec=30.9619&layer=ls-dr9&zoom=16
2051241007107,29.7346494,30.2735706,20.7823,SDSSJ0158+3016,29.73441,30.27367,2021MNRAS.502.4617T,https://www.legacysurvey.org/viewer?ra=29.734411&dec=30.273672&layer=ls-dr9&zoom=16
2051245021798,30.3390834,32.4748491,18.8701,J0201+3228,30.33917,32.47495,2022ApJ...932..107S,https://www.legacysurvey.org/viewer?ra=30.33917&dec=32.474953&layer=ls-dr9&zoom=16
2051245021798,30.3390834,32.4748491,18.8701,J0201+3228,30.33917,32.47491,2020MNRAS.499.3610C,https://www.legacysurvey.org/viewer?ra=30.33917&dec=32.47491&layer=ls-dr9&zoom=16
2053243016350,31.0892125,31.5296812,19.1183,J0204+3131,31.08919,31.52963,2022ApJ...932..107S,https://www.legacysurvey.org/viewer?ra=31.089188&dec=31.529625&layer=ls-dr9&zoom=16
2057241020897,33.0826121,30.5530036,20.618,UNIONS J021219+303310,33.0827,30.553,2022A&A...666A...1S,https://www.legacysurvey.org/viewer?ra=33.0827&dec=30.553&layer=ls-dr9&zoom=16
2057241020897,33.0826121,30.5530036,20.618,J0212+3033,33.0826,30.553,2021ApJ...909...27H,https://www.legacysurvey.org/viewer?ra=33.0826&dec=30.553&layer=ls-dr9&zoom=16
2063331021327,125.4343207,75.7109207,21.0898,J0821+7542,125.43428,75.7109,2022ApJ...932..107S,https://www.legacysurvey.org/viewer?ra=125.43428&dec=75.7109&layer=ls-dr9&zoom=16
2065330011850,125.6309345,75.0251077,19.2884,J0822+7501,125.631,75.0251,2021ApJ...909...27H,https://www.legacysurvey.org/viewer?ra=125.631&dec=75.0251&layer=ls-dr9&zoom=16
2138288025473,117.2446457,53.7775032,19.0816,J0748+5346,117.2449,53.7774,2021ApJ...909...27H,https://www.legacysurvey.org/viewer?ra=117.2449&dec=53.7774&layer=ls-dr9&zoom=16
2141283003037,113.2567586,51.5755279,18.6056,UNIONS J073301+513431,113.2568,51.5754,2022A&A...666A...1S,https://www.legacysurvey.org/viewer?ra=113.2568&dec=51.5754&layer=ls-dr9&zoom=16
2141283003037,113.2567586,51.5755279,18.6056,J0733+5134,113.2568,51.5755,2021ApJ...909...27H,https://www.legacysurvey.org/viewer?ra=113.2568&dec=51.5755&layer=ls-dr9&zoom=16
2144285022054,118.2471808,52.626673,20.6837,J0752+5237,118.2474,52.6265,2021ApJ...909...27H,https://www.legacysurvey.org/viewer?ra=118.2474&dec=52.6265&layer=ls-dr9&zoom=16
2145279028574,111.9785449,49.6457292,21.4745,J0727+4938,111.97855,49.64574,2022ApJ...932..107S,https://www.legacysurvey.org/viewer?ra=111.978546&dec=49.645737&layer=ls-dr9&zoom=16
2147288029076,124.9992373,53.9400331,17.7417,UNIONS J081959+535624,124.9992,53.94,2022A&A...666A...1S,https://www.legacysurvey.org/viewer?ra=124.9992&dec=53.94&layer=ls-dr9&zoom=16
2147288029076,124.9992373,53.9400331,17.7417,J0819+5356,124.9993,53.94,2022arXiv220602764S,https://www.legacysurvey.org/viewer?ra=124.9993&dec=53.94&layer=ls-dr9&zoom=16
2147288029076,124.9992373,53.9400331,17.7417,SDSSJ0819+5356,124.99909,53.94018,2009AJ....137.4118I,https://www.legacysurvey.org/viewer?ra=124.99909&dec=53.94018&layer=ls-dr9&zoom=16
2174267008439,120.0515074,43.4977662,22.3957,J0800+4329,120.0515,43.4978,2021ApJ...909...27H,https://www.legacysurvey.org/viewer?ra=120.0515&dec=43.4978&layer=ls-dr9&zoom=16
2175268009453,121.8812834,44.1801386,19.3928,J0807+4410,121.8813,44.1801,2021ApJ...909...27H,https://www.legacysurvey.org/viewer?ra=121.8813&dec=44.1801&layer=ls-dr9&zoom=16
2178273025091,129.1746695,46.5104579,21.2726,J0836+4630,129.17465,46.51041,2022ApJ...932..107S,https://www.legacysurvey.org/viewer?ra=129.17465&dec=46.510406&layer=ls-dr9&zoom=16
2178273025091,129.1746695,46.5104579,21.2726,J0836+4630,129.17465,46.51041,2022arXiv220602764S,https://www.legacysurvey.org/viewer?ra=129.1746532&dec=46.51040531&layer=ls-dr9&zoom=16
2182277029432,137.4620198,48.4574602,19.7618,PS1J0909+4827,137.4625,48.4575,2020A&A...644A.163C,https://www.legacysurvey.org/viewer?ra=137.4625&dec=48.4575&layer=ls-dr9&zoom=16
2183255014546,115.3416963,37.488876,20.7116,J0741+3729,115.3417,37.4889,2021ApJ...909...27H,https://www.legacysurvey.org/viewer?ra=115.3417&dec=37.4889&layer=ls-dr9&zoom=16
2194262030815,128.804873,41.1131238,20.0297,J0835+4106,128.8049,41.1131,2021ApJ...909...27H,https://www.legacysurvey.org/viewer?ra=128.8049&dec=41.1131&layer=ls-dr9&zoom=16
2195250032725,118.8480552,34.7610253,20.6146,UNIONS J075523+344539,118.848,34.7609,2022A&A...666A...1S,https://www.legacysurvey.org/viewer?ra=118.848&dec=34.7609&layer=ls-dr9&zoom=16
2195250032725,118.8480552,34.7610253,20.6146,J0755+3445,118.848,34.761,2021ApJ...909...27H,https://www.legacysurvey.org/viewer?ra=118.848&dec=34.761&layer=ls-dr9&zoom=16
2195250032725,118.8480552,34.7610253,20.6146,J0755+3445,118.848,34.761,2020MNRAS.499.3610C,https://www.legacysurvey.org/viewer?ra=118.848&dec=34.761&layer=ls-dr9&zoom=16
2195281029365,153.6731083,50.7475299,19.3181,UNIONS J101441+504451,153.6732,50.7475,2022A&A...666A...1S,https://www.legacysurvey.org/viewer?ra=153.6732&dec=50.7475&layer=ls-dr9&zoom=16
2196282030913,155.784871,51.1795517,20.9369,J1023+5110,155.78487,51.17944,2022ApJ...932..107S,https://www.legacysurvey.org/viewer?ra=155.78487&dec=51.179436&layer=ls-dr9&zoom=16
2196282030913,155.784871,51.1795517,20.9369,J1023+5110,155.78487,51.17943,2022arXiv220602764S,https://www.legacysurvey.org/viewer?ra=155.7848713&dec=51.17943388&layer=ls-dr9&zoom=16
2197271006949,140.2081654,45.366163,21.2877,J0920+4521,140.20815,45.36613,2022ApJ...932..107S,https://www.legacysurvey.org/viewer?ra=140.20815&dec=45.36613&layer=ls-dr9&zoom=16
2197271006949,140.2081654,45.366163,21.2877,J0920+4521,140.2081,45.3662,2022arXiv220602764S,https://www.legacysurvey.org/viewer?ra=140.2081&dec=45.3662&layer=ls-dr9&zoom=16
2197271006949,140.2081654,45.366163,21.2877,J0920+4521,140.208,45.3661,2022arXiv220607714L,https://www.legacysurvey.org/viewer?ra=140.20800&dec=45.36610&layer=ls-dr9&zoom=16
2200264019382,134.7439913,41.7639947,19.8921,SDSSJ0858+4145,134.744,41.76397,2021MNRAS.502.4617T,https://www.legacysurvey.org/viewer?ra=134.744&dec=41.763973&layer=ls-dr9&zoom=16
2200280019719,155.4474539,50.1355729,19.3021,UNIONS J102147+500808,155.4474,50.1356,2022A&A...666A...1S,https://www.legacysurvey.org/viewer?ra=155.4474&dec=50.1356&layer=ls-dr9&zoom=16
2201276035916,150.0904985,47.7961298,17.8354,UNIONS J100021+474746,150.0906,47.7961,2022A&A...666A...1S,https://www.legacysurvey.org/viewer?ra=150.0906&dec=47.7961&layer=ls-dr9&zoom=16
2201288004615,171.0531945,53.8845065,18.7627,SDSSJ1124+5353,171.05333,53.88458,2021MNRAS.502.4617T,https://www.legacysurvey.org/viewer?ra=171.05333&dec=53.884575&layer=ls-dr9&zoom=16
2202253025976,125.3369095,36.3627746,19.044,J0821+3621,125.33697,36.36277,2022arXiv220602764S,https://www.legacysurvey.org/viewer?ra=125.3369728&dec=36.36276843&layer=ls-dr9&zoom=16
2202261013115,132.6382073,40.6196215,19.4259,J0850+4037,132.6382,40.6196,2021ApJ...909...27H,https://www.legacysurvey.org/viewer?ra=132.6382&dec=40.6196&layer=ls-dr9&zoom=16
2202265008670,136.8674109,42.5504218,18.5381,UNIONS J090728+423301,136.8675,42.5503,2022A&A...666A...1S,https://www.legacysurvey.org/viewer?ra=136.8675&dec=42.5503&layer=ls-dr9&zoom=16
2202265008670,136.8674109,42.5504218,18.5381,PS1J0907+4233,136.86667,42.55056,2020A&A...644A.163C,https://www.legacysurvey.org/viewer?ra=136.86667&dec=42.55056&layer=ls-dr9&zoom=16
2202265008670,136.8674109,42.5504218,18.5381,J0907+4233,136.8675,42.5504,2021ApJ...909...27H,https://www.legacysurvey.org/viewer?ra=136.8675&dec=42.5504&layer=ls-dr9&zoom=16
2202265008670,136.8674109,42.5504218,18.5381,SDSSJ0907+4233,136.8674,42.55039,2021MNRAS.502.4617T,https://www.legacysurvey.org/viewer?ra=136.8674&dec=42.550392&layer=ls-dr9&zoom=16
2203263033300,135.8133104,41.269224,18.6405,J0903+4116,135.81329,41.26919,2008ApJ...682..964B,https://www.legacysurvey.org/viewer?ra=135.81329&dec=41.26919&layer=ls-dr9&zoom=16
2204307006816,228.8267813,63.2723914,20.0295,J1515+6316,228.8268,63.2724,2021ApJ...909...27H,https://www.legacysurvey.org/viewer?ra=228.8268&dec=63.2724&layer=ls-dr9&zoom=16
2204312008553,250.4827149,66.2102977,19.7497,J1641+6612,250.483,66.2103,2021ApJ...909...27H,https://www.legacysurvey.org/viewer?ra=250.483&dec=66.2103&layer=ls-dr9&zoom=16
2206240020699,119.0583822,30.2347335,18.7885,J0756+3014,119.0587,30.235,2021ApJ...909...27H,https://www.legacysurvey.org/viewer?ra=119.0587&dec=30.235&layer=ls-dr9&zoom=16
2207306022445,227.7011363,63.0570498,20.0337,J1510+6303,227.70111,63.05703,2022ApJ...932..107S,https://www.legacysurvey.org/viewer?ra=227.70111&dec=63.057026&layer=ls-dr9&zoom=16
2209272034692,150.294131,46.1759173,21.4441,J1001+4610,150.2941,46.1759,2021ApJ...909...27H,https://www.legacysurvey.org/viewer?ra=150.2941&dec=46.1759&layer=ls-dr9&zoom=16
2213241015965,123.8772934,30.4680227,20.2662,J0815+3028,123.87727,30.46803,2022ApJ...932..107S,https://www.legacysurvey.org/viewer?ra=123.87727&dec=30.468025&layer=ls-dr9&zoom=16
2213243000342,124.8180999,31.4989638,19.5675,J0819+3129,124.8181,31.499,2021ApJ...909...27H,https://www.legacysurvey.org/viewer?ra=124.8181&dec=31.499&layer=ls-dr9&zoom=16
2213261020099,140.2335094,40.6692649,17.481,UNIONS J092056+404009,140.2335,40.6693,2022A&A...666A...1S,https://www.legacysurvey.org/viewer?ra=140.2335&dec=40.6693&layer=ls-dr9&zoom=16
2215245030893,127.6856219,32.4523847,18.8643,UNIONS J083044+322708,127.6857,32.4524,2022A&A...666A...1S,https://www.legacysurvey.org/viewer?ra=127.6857&dec=32.4524&layer=ls-dr9&zoom=16
2217309004094,252.3975569,64.4845134,17.9145,J1649+6429,252.39761,64.48452,2022ApJ...932..107S,https://www.legacysurvey.org/viewer?ra=252.39761&dec=64.48452&layer=ls-dr9&zoom=16
2218269023544,153.0775155,44.3832964,18.7938,J1012+4422,153.0776,44.3831,2021ApJ...909...27H,https://www.legacysurvey.org/viewer?ra=153.0776&dec=44.3831&layer=ls-dr9&zoom=16
2218300024368,218.3455098,60.1208466,19.7404,J1433+6007,218.3457,60.1209,2021ApJ...909...27H,https://www.legacysurvey.org/viewer?ra=218.3457&dec=60.1209&layer=ls-dr9&zoom=16
2218300024368,218.3455098,60.1208466,19.7404,J143322+600713,218.3449968,60.12038164,2023arXiv230111080H,https://www.legacysurvey.org/viewer?ra=218.3449968&dec=60.12038164&layer=ls-dr9&zoom=16
2218303029889,228.7716711,61.4799765,17.6006,UNIONS J151505+612848,228.7716,61.48,2022A&A...666A...1S,https://www.legacysurvey.org/viewer?ra=228.7716&dec=61.48&layer=ls-dr9&zoom=16
2219269000256,153.7268691,44.2610031,18.8951,J1014+4415,153.7269,44.261,2021ApJ...909...27H,https://www.legacysurvey.org/viewer?ra=153.7269&dec=44.261&layer=ls-dr9&zoom=16
2220293016092,199.3785546,56.6817941,19.2713,UNIONS J131730+564054,199.3786,56.6818,2022A&A...666A...1S,https://www.legacysurvey.org/viewer?ra=199.3786&dec=56.6818&layer=ls-dr9&zoom=16
2220293016092,199.3785546,56.6817941,19.2713,J1317+5640,199.37848,56.68183,2022arXiv220602764S,https://www.legacysurvey.org/viewer?ra=199.3784796&dec=56.68182509&layer=ls-dr9&zoom=16
2220300021623,220.3747148,60.1690714,19.3993,UNIONS J144129+601008,220.3749,60.1691,2022A&A...666A...1S,https://www.legacysurvey.org/viewer?ra=220.3749&dec=60.1691&layer=ls-dr9&zoom=16
2222261034462,146.2198891,40.2997136,20.0193,J0944+4017,146.2199,40.2997,2021ApJ...909...27H,https://www.legacysurvey.org/viewer?ra=146.2199&dec=40.2997&layer=ls-dr9&zoom=16
2224251040105,137.3302902,35.2509206,19.3561,UNIONS J090919+351503,137.3303,35.2509,2022A&A...666A...1S,https://www.legacysurvey.org/viewer?ra=137.3303&dec=35.2509&layer=ls-dr9&zoom=16
2224251040105,137.3302902,35.2509206,19.3561,PS1J0909+3515,137.32917,35.25083,2020A&A...644A.163C,https://www.legacysurvey.org/viewer?ra=137.32917&dec=35.25083&layer=ls-dr9&zoom=16
2224272033084,161.5784008,46.2302101,21.1313,J1046+4613,161.5784,46.2302,2021ApJ...909...27H,https://www.legacysurvey.org/viewer?ra=161.5784&dec=46.2302&layer=ls-dr9&zoom=16
2226295007970,210.3216026,57.3082025,19.5438,J1401+5718,210.322,57.3084,2016A&A...592A..75P,https://www.legacysurvey.org/viewer?ra=210.322&dec=57.3084&layer=ls-dr9&zoom=16
2227257028745,145.260263,38.7152055,20.3584,J0941+3842,145.2603,38.7152,2021ApJ...909...27H,https://www.legacysurvey.org/viewer?ra=145.2603&dec=38.7152&layer=ls-dr9&zoom=16
2227298025896,220.1554411,59.1949845,17.7513,UNIONS J144037+591141,220.1554,59.195,2022A&A...666A...1S,https://www.legacysurvey.org/viewer?ra=220.1554&dec=59.195&layer=ls-dr9&zoom=16
2227298025896,220.1554411,59.1949845,17.7513,J1440+5911,220.1554,59.19495,2022ApJ...932..107S,https://www.legacysurvey.org/viewer?ra=220.1554&dec=59.194946&layer=ls-dr9&zoom=16
2227298025896,220.1554411,59.1949845,17.7513,J1440+5911,220.1553,59.195,2022arXiv220602764S,https://www.legacysurvey.org/viewer?ra=220.1553&dec=59.195&layer=ls-dr9&zoom=16
2229238002519,131.0528889,29.2024918,18.9854,SDSSJ0844+2912,131.05289,29.20251,2021MNRAS.502.4617T,https://www.legacysurvey.org/viewer?ra=131.05289&dec=29.202513&layer=ls-dr9&zoom=16
2229267011895,157.9520269,43.7157239,18.7599,UNIONS J103148+434256,157.952,43.7158,2022A&A...666A...1S,https://www.legacysurvey.org/viewer?ra=157.952&dec=43.7158&layer=ls-dr9&zoom=16
2229267011895,157.9520269,43.7157239,18.7599,PS1J1031+4342,157.95,43.71583,2020A&A...644A.163C,https://www.legacysurvey.org/viewer?ra=157.95&dec=43.71583&layer=ls-dr9&zoom=16
2229267011895,157.9520269,43.7157239,18.7599,J1031+4342,157.952,43.7158,2021ApJ...909...27H,https://www.legacysurvey.org/viewer?ra=157.952&dec=43.7158&layer=ls-dr9&zoom=16
2229294016668,210.2935156,56.9056638,19.2413,SA90,210.29358,56.9057,2012ApJ...749...38M,https://www.legacysurvey.org/viewer?ra=210.293583333333&dec=56.9056972222222&layer=ls-dr9&zoom=16
2230247031204,138.0524182,33.3766164,21.3831,J0912+3322,138.0524,33.3767,2021ApJ...909...27H,https://www.legacysurvey.org/viewer?ra=138.0524&dec=33.3767&layer=ls-dr9&zoom=16
2230298042330,223.6344541,58.8327231,19.9324,UNIONS J145432+584957,223.6344,58.8327,2022A&A...666A...1S,https://www.legacysurvey.org/viewer?ra=223.6344&dec=58.8327&layer=ls-dr9&zoom=16
2230298042330,223.6344541,58.8327231,19.9324,SDSSJ1454+5849,223.63435,58.83281,2021MNRAS.502.4617T,https://www.legacysurvey.org/viewer?ra=223.63435&dec=58.83281&layer=ls-dr9&zoom=16
2231239019909,132.4295581,29.7243283,20.9151,J0849+2943,132.4296,29.7243,2022arXiv220602764S,https://www.legacysurvey.org/viewer?ra=132.4296&dec=29.7243&layer=ls-dr9&zoom=16
2232306027435,255.8844553,63.2384649,21.1468,J1703+6314,255.884,63.2381,2022ApJ...932..107S,https://www.legacysurvey.org/viewer?ra=255.884&dec=63.2381&layer=ls-dr9&zoom=16
2233255006940,147.0814919,37.6275453,19.5296,UNIONS J094819+373739,147.0815,37.6276,2022A&A...666A...1S,https://www.legacysurvey.org/viewer?ra=147.0815&dec=37.6276&layer=ls-dr9&zoom=16
2234292019886,209.6382906,55.8448546,18.8749,J1358+5550,209.638,55.8449,2016A&A...592A..75P,https://www.legacysurvey.org/viewer?ra=209.638&dec=55.8449&layer=ls-dr9&zoom=16
2235263027194,156.5759369,41.7023263,18.863,UNIONS J102618+414208,156.576,41.7023,2022A&A...666A...1S,https://www.legacysurvey.org/viewer?ra=156.576&dec=41.7023&layer=ls-dr9&zoom=16
2237294011856,217.7510159,56.7676436,20.0941,CFHTLS J143100.2+564603,217.75124,56.7675,2016MNRAS.455.1191M,https://www.legacysurvey.org/viewer?ra=217.75124&dec=56.7675&layer=ls-dr9&zoom=16
2241266016399,164.9799195,42.8594954,21.4497,J1059+4251,164.98,42.8595,2021ApJ...909...27H,https://www.legacysurvey.org/viewer?ra=164.98&dec=42.8595&layer=ls-dr9&zoom=16
2241266016399,164.9799195,42.8594954,21.4497,J1059+4251,164.9802,42.8593,2022arXiv220607714L,https://www.legacysurvey.org/viewer?ra=164.98020&dec=42.85930&layer=ls-dr9&zoom=16
2242290013174,211.3909329,55.0419592,20.3227,140533+550231,211.391,55.042,2014ApJ...785..144G,https://www.legacysurvey.org/viewer?ra=211.391&dec=55.042&layer=ls-dr9&zoom=16
2242292014080,216.7200113,56.0005727,21.9615,CFHTLS J142652.8+560001,216.72004,56.00044,2016MNRAS.455.1191M,https://www.legacysurvey.org/viewer?ra=216.72004&dec=56.00044&layer=ls-dr9&zoom=16
2242292018244,216.586982,56.2323123,19.8865,CFHTLS J142620.8+561356,216.58699,56.2323,2016MNRAS.455.1191M,https://www.legacysurvey.org/viewer?ra=216.58699&dec=56.2323&layer=ls-dr9&zoom=16
2243292001824,217.5027031,55.7799833,19.9292,SA112,217.50271,55.77999,2012ApJ...749...38M,https://www.legacysurvey.org/viewer?ra=217.502708333333&dec=55.7799916666666&layer=ls-dr9&zoom=16
2244240022049,140.6628618,29.84635,21.1826,J0922+2950,140.66287,29.84637,2022arXiv221100047K,https://www.legacysurvey.org/viewer?ra=140.662872&dec=29.846367&layer=ls-dr9&zoom=16
2244267009741,167.978072,43.4863144,20.0567,PS1J1111+4329,167.97917,43.48639,2020A&A...644A.163C,https://www.legacysurvey.org/viewer?ra=167.97917&dec=43.48639&layer=ls-dr9&zoom=16
2245275002240,181.0043093,47.538058,19.5869,J1204+4732,181.0043,47.5381,2021ApJ...909...27H,https://www.legacysurvey.org/viewer?ra=181.0043&dec=47.5381&layer=ls-dr9&zoom=16
2245290021279,213.9144356,54.8450816,18.0043,J1415+5450,213.914,54.8451,2016A&A...592A..75P,https://www.legacysurvey.org/viewer?ra=213.914&dec=54.8451&layer=ls-dr9&zoom=16
2246245006520,146.0493641,32.3440817,20.5181,UNIONS J094411+322038,146.0493,32.3441,2022A&A...666A...1S,https://www.legacysurvey.org/viewer?ra=146.0493&dec=32.3441&layer=ls-dr9&zoom=16
2246245006520,146.0493641,32.3440817,20.5181,PS1J0944+3220,146.05,32.34417,2020A&A...644A.163C,https://www.legacysurvey.org/viewer?ra=146.05&dec=32.34417&layer=ls-dr9&zoom=16
2247289022950,212.7256334,54.2777322,20.5422,J1410+5416,212.726,54.2777,2016A&A...592A..75P,https://www.legacysurvey.org/viewer?ra=212.726&dec=54.2777&layer=ls-dr9&zoom=16
2247291037139,217.9957108,55.7248035,18.9826,UNIONS J143158+554329,217.9957,55.7249,2022A&A...666A...1S,https://www.legacysurvey.org/viewer?ra=217.9957&dec=55.7249&layer=ls-dr9&zoom=16
2247291037139,217.9957108,55.7248035,18.9826,J1431+5543,217.9957,55.7248,2016A&A...592A..75P,https://www.legacysurvey.org/viewer?ra=217.9957&dec=55.7248&layer=ls-dr9&zoom=16
2248289022757,213.8423156,54.5826876,18.3479,J1415+5434,213.8425,54.5827,2016A&A...592A..75P,https://www.legacysurvey.org/viewer?ra=213.8425&dec=54.5827&layer=ls-dr9&zoom=16
2248289032010,213.1729366,54.4224276,19.1014,J1412+5425,213.1729,54.4224,2016A&A...592A..75P,https://www.legacysurvey.org/viewer?ra=213.1729&dec=54.4224&layer=ls-dr9&zoom=16
2248290005133,216.5697746,55.1213264,20.5164,J1426+5507,216.57,55.1213,2016A&A...592A..75P,https://www.legacysurvey.org/viewer?ra=216.57&dec=55.1213&layer=ls-dr9&zoom=16
2249290030178,217.42919,54.891854,18.7621,142943+545330,217.4292,54.8918,2014ApJ...785..144G,https://www.legacysurvey.org/viewer?ra=217.4292&dec=54.8918&layer=ls-dr9&zoom=16
2250286030293,207.7049076,52.9558589,17.9676,J1350+5257,207.705,52.9559,2021ApJ...909...27H,https://www.legacysurvey.org/viewer?ra=207.705&dec=52.9559&layer=ls-dr9&zoom=16
2251278008782,191.4322085,48.9838917,17.4628,J1245+4859,191.43207,48.98397,2022ApJ...932..107S,https://www.legacysurvey.org/viewer?ra=191.43207&dec=48.98397&layer=ls-dr9&zoom=16
2251288018014,213.1650366,53.9569854,19.4675,J1412+5357,213.165,53.957,2016A&A...592A..75P,https://www.legacysurvey.org/viewer?ra=213.165&dec=53.957&layer=ls-dr9&zoom=16
2252250024192,153.6055697,35.0799704,18.511,PS1J1014+3504,153.60417,35.08,2020A&A...644A.163C,https://www.legacysurvey.org/viewer?ra=153.60417&dec=35.08&layer=ls-dr9&zoom=16
2253243017425,148.3996335,31.5441323,18.0109,UNIONS J095335+313238,148.3997,31.5441,2022A&A...666A...1S,https://www.legacysurvey.org/viewer?ra=148.3997&dec=31.5441&layer=ls-dr9&zoom=16
2253283004402,202.938875,51.5753444,18.6268,J1331+5134,202.9388,51.5753,2021ApJ...909...27H,https://www.legacysurvey.org/viewer?ra=202.9388&dec=51.5753&layer=ls-dr9&zoom=16
2254300003187,253.7973159,59.9533299,18.5849,J1655+5957,253.79724,59.95335,2022arXiv220602764S,https://www.legacysurvey.org/viewer?ra=253.797241&dec=59.95334559&layer=ls-dr9&zoom=16
2257286004319,213.5425991,52.8469507,19.7592,HSCJ141410.18+525048.8,213.5424,52.8469,2020MNRAS.495.1291J,https://www.legacysurvey.org/viewer?ra=213.5424&dec=52.8469&layer=ls-dr9&zoom=16
2257286004319,213.5425991,52.8469507,19.7592,J1414+5250,213.543,52.847,2016A&A...592A..75P,https://www.legacysurvey.org/viewer?ra=213.543&dec=52.847&layer=ls-dr9&zoom=16
2258290008143,225.1507663,55.1708791,19.7237,UNIONS J150036+551015,225.1507,55.1708,2022A&A...666A...1S,https://www.legacysurvey.org/viewer?ra=225.1507&dec=55.1708&layer=ls-dr9&zoom=16
2259243024515,152.0762574,31.7003763,19.3234,J1008+3142,152.0763,31.7005,2020ApJ...894...78H,https://www.legacysurvey.org/viewer?ra=152.0763&dec=31.7005&layer=ls-dr9&zoom=16
2260284036160,211.55937,52.0481742,19.2012,SL2S J140614+520253,211.55833,52.04806,2013ApJ...777...97S,https://www.legacysurvey.org/viewer?ra=211.55833&dec=52.04806&layer=ls-dr9&zoom=16
2260284036160,211.55937,52.0481742,19.2012,140614+520253,211.5594,52.0482,2014ApJ...785..144G,https://www.legacysurvey.org/viewer?ra=211.5594&dec=52.0482&layer=ls-dr9&zoom=16
2261264016965,175.3095356,41.7624308,18.2501,UNIONS J114114+414544,175.3096,41.7625,2022A&A...666A...1S,https://www.legacysurvey.org/viewer?ra=175.3096&dec=41.7625&layer=ls-dr9&zoom=16
2263280027643,204.1912297,49.8856476,18.8668,UNIONS J133645+495308,204.1913,49.8856,2022A&A...666A...1S,https://www.legacysurvey.org/viewer?ra=204.1913&dec=49.8856&layer=ls-dr9&zoom=16
2264298014921,256.5307055,58.8054666,21.0054,J1706+5848,256.53093,58.80542,2022arXiv220602764S,https://www.legacysurvey.org/viewer?ra=256.530927&dec=58.8054184&layer=ls-dr9&zoom=16
2266281016753,208.8572207,50.5473704,19.0584,UNIONS J135525+503250,208.8572,50.5474,2022A&A...666A...1S,https://www.legacysurvey.org/viewer?ra=208.8572&dec=50.5474&layer=ls-dr9&zoom=16
2266285001937,218.7269927,52.480789,20.3483,CFHTLS J143454.4+522850,218.72702,52.4808,2016MNRAS.455.1191M,https://www.legacysurvey.org/viewer?ra=218.72702&dec=52.4808&layer=ls-dr9&zoom=16
2266298027743,258.4026869,58.9445543,20.4644,WFC3 J171336.64+585640.73,258.40267,58.94465,2014MNRAS.439.3392P,https://www.legacysurvey.org/viewer?ra=258.40267&dec=58.94465&layer=ls-dr9&zoom=16
2267283024375,214.0930649,51.6084227,18.1758,J1416+5136,214.09308,51.60844,2008ApJ...682..964B,https://www.legacysurvey.org/viewer?ra=214.09308&dec=51.60844&layer=ls-dr9&zoom=16
2267283024375,214.0930649,51.6084227,18.1758,SDSS J141622.33+513630.2,214.0930417,51.60838889,2004AJ....127.1860B,https://www.legacysurvey.org/viewer?ra=214.093041666666&dec=51.6083888888888&layer=ls-dr9&zoom=16
2269270008012,190.1345492,45.1507984,18.5438,J1240+4509,190.1345,45.1508,2021ApJ...909...27H,https://www.legacysurvey.org/viewer?ra=190.1345&dec=45.1508&layer=ls-dr9&zoom=16
2270260000678,176.5379758,39.9986579,19.6003,UNIONS J114609+395955,176.5379,39.9987,2022A&A...666A...1S,https://www.legacysurvey.org/viewer?ra=176.5379&dec=39.9987&layer=ls-dr9&zoom=16
2271283039104,217.325356,51.2954994,19.9599,J1429+5117,217.3254,51.2955,2016A&A...592A..75P,https://www.legacysurvey.org/viewer?ra=217.3254&dec=51.2955&layer=ls-dr9&zoom=16
2272254015766,170.4254175,36.9636376,19.2478,J1121+3657,170.4254,36.9636,2021ApJ...909...27H,https://www.legacysurvey.org/viewer?ra=170.4254&dec=36.9636&layer=ls-dr9&zoom=16
2272279029443,209.5040166,49.3927853,20.4474,UNIONS J135800+492334,209.5041,49.3928,2022A&A...666A...1S,https://www.legacysurvey.org/viewer?ra=209.5041&dec=49.3928&layer=ls-dr9&zoom=16
2272281007962,213.9972976,50.4617397,19.6002,UNIONS J141559+502742,213.9973,50.4617,2022A&A...666A...1S,https://www.legacysurvey.org/viewer?ra=213.9973&dec=50.4617&layer=ls-dr9&zoom=16
2272283016091,218.5161166,51.3599583,18.6358,SA115,218.51612,51.36002,2012ApJ...749...38M,https://www.legacysurvey.org/viewer?ra=218.516124999999&dec=51.3600194444444&layer=ls-dr9&zoom=16
2273251031546,167.5769026,35.2877939,19.1975,UNIONS J111018+351716,167.5768,35.2878,2022A&A...666A...1S,https://www.legacysurvey.org/viewer?ra=167.5768&dec=35.2878&layer=ls-dr9&zoom=16
2273283013159,218.9184717,51.597774,19.8153,J1435+5135,218.918,51.5978,2016A&A...592A..75P,https://www.legacysurvey.org/viewer?ra=218.918&dec=51.5978&layer=ls-dr9&zoom=16
2274262027375,181.3974281,41.1790138,20.889,J1205+4110,181.3975,41.179,2021ApJ...909...27H,https://www.legacysurvey.org/viewer?ra=181.3975&dec=41.179&layer=ls-dr9&zoom=16
2276241000001,160.2180323,30.4866636,19.1487,PS1J1040+3029,160.21667,30.48667,2020A&A...644A.163C,https://www.legacysurvey.org/viewer?ra=160.21667&dec=30.48667&layer=ls-dr9&zoom=16
2278284031614,225.4049911,52.1416813,21.9862,J1501+5208,225.405,52.1417,2021ApJ...909...27H,https://www.legacysurvey.org/viewer?ra=225.405&dec=52.1417&layer=ls-dr9&zoom=16
2281249027938,170.2242429,34.3628641,19.1984,UNIONS J112053+342146,170.2243,34.3628,2022A&A...666A...1S,https://www.legacysurvey.org/viewer?ra=170.2243&dec=34.3628&layer=ls-dr9&zoom=16
2283280010927,220.4044656,50.2462387,21.4558,J1441+5014,220.4044,50.2463,2021ApJ...909...27H,https://www.legacysurvey.org/viewer?ra=220.4044&dec=50.2463&layer=ls-dr9&zoom=16
2284289010725,244.5855465,54.505061,21.1945,HSCJ161820.54+543018.7,244.5856,54.5052,2020MNRAS.495.1291J,https://www.legacysurvey.org/viewer?ra=244.5856&dec=54.5052&layer=ls-dr9&zoom=16
2284289010725,244.5855465,54.505061,21.1945,J1618+5430,244.5857,54.5052,2021ApJ...909...27H,https://www.legacysurvey.org/viewer?ra=244.5857&dec=54.5052&layer=ls-dr9&zoom=16
2285298008316,276.3514914,59.0412751,18.6718,UNIONS J182524+590228,276.3514,59.0413,2022A&A...666A...1S,https://www.legacysurvey.org/viewer?ra=276.3514&dec=59.0413&layer=ls-dr9&zoom=16
2285298008316,276.3514914,59.0412751,18.6718,J1825+5902,276.35144,59.04129,2022ApJ...932..107S,https://www.legacysurvey.org/viewer?ra=276.35144&dec=59.041286&layer=ls-dr9&zoom=16
2287253046675,178.7417443,36.3347641,19.2467,UNIONS J115458+362005,178.7418,36.3347,2022A&A...666A...1S,https://www.legacysurvey.org/viewer?ra=178.7418&dec=36.3347&layer=ls-dr9&zoom=16
2287282015747,228.2083791,51.0983304,19.0101,UNIONS J151250+510553,228.2084,51.0983,2022A&A...666A...1S,https://www.legacysurvey.org/viewer?ra=228.2084&dec=51.0983&layer=ls-dr9&zoom=16
2290290036094,253.0912792,55.0867535,18.1866,J1652+5505,253.0914,55.0867,2021ApJ...909...27H,https://www.legacysurvey.org/viewer?ra=253.0914&dec=55.0867&layer=ls-dr9&zoom=16
2294243018109,172.2546745,31.3238628,20.3722,UNIONS J112901+311925,172.2547,31.3239,2022A&A...666A...1S,https://www.legacysurvey.org/viewer?ra=172.2547&dec=31.3239&layer=ls-dr9&zoom=16
2294281038780,231.0599776,50.4331804,18.2252,UNIONS J152414+502559,231.0599,50.4332,2022A&A...666A...1S,https://www.legacysurvey.org/viewer?ra=231.0599&dec=50.4332&layer=ls-dr9&zoom=16
2294286022542,244.5899099,53.1871151,19.1067,J1618+5311,244.5899,53.1871,2021ApJ...909...27H,https://www.legacysurvey.org/viewer?ra=244.5899&dec=53.1871&layer=ls-dr9&zoom=16
2296245000586,175.2094239,32.4987239,19.4164,UNIONS J114050+322955,175.2094,32.4988,2022A&A...666A...1S,https://www.legacysurvey.org/viewer?ra=175.2094&dec=32.4988&layer=ls-dr9&zoom=16
2296277028089,223.1038856,48.4710761,19.101,J1452+4828,223.1039,48.4711,2021ApJ...909...27H,https://www.legacysurvey.org/viewer?ra=223.1039&dec=48.4711&layer=ls-dr9&zoom=16
2298295001735,277.7776544,57.3731524,21.5711,J1831+5722,277.7776,57.3732,2021ApJ...909...27H,https://www.legacysurvey.org/viewer?ra=277.7776&dec=57.3732&layer=ls-dr9&zoom=16
2300275001007,222.0004331,47.2810868,19.8374,J1448+4716,222.00043,47.28108,2022ApJ...932..107S,https://www.legacysurvey.org/viewer?ra=222.00043&dec=47.281082&layer=ls-dr9&zoom=16
2302256011749,191.4522135,37.9099221,19.9523,UNIONS J124548+375435,191.452,37.9099,2022A&A...666A...1S,https://www.legacysurvey.org/viewer?ra=191.452&dec=37.9099&layer=ls-dr9&zoom=16
2304241001100,176.239187,30.5580232,21.6587,J1144+3033,176.2391,30.558,2021ApJ...909...27H,https://www.legacysurvey.org/viewer?ra=176.2391&dec=30.558&layer=ls-dr9&zoom=16
2306240025157,176.4379345,30.1123582,19.8077,SDSSJ1145+3006,176.43793,30.11244,2021MNRAS.502.4617T,https://www.legacysurvey.org/viewer?ra=176.43793&dec=30.11244&layer=ls-dr9&zoom=16
2306270015981,216.0618251,45.0241909,21.6007,J1424+4501,216.0618,45.0242,2021ApJ...909...27H,https://www.legacysurvey.org/viewer?ra=216.0618&dec=45.0242&layer=ls-dr9&zoom=16
2306291022596,269.9289801,55.6310631,21.4665,J1759+5537,269.92892,55.63107,2022ApJ...932..107S,https://www.legacysurvey.org/viewer?ra=269.92892&dec=55.631073&layer=ls-dr9&zoom=16
2307269012046,215.4121897,44.4382419,20.0163,J1421+4426,215.41216,44.43819,2022ApJ...932..107S,https://www.legacysurvey.org/viewer?ra=215.41216&dec=44.438194&layer=ls-dr9&zoom=16
2308253030683,191.8527761,36.7344102,20.8283,UNIONS J124724+364403,191.8528,36.7344,2022A&A...666A...1S,https://www.legacysurvey.org/viewer?ra=191.8528&dec=36.7344&layer=ls-dr9&zoom=16
2309289013784,265.7502811,54.4914724,21.1132,J1743+5429,265.7503,54.49144,2022ApJ...932..107S,https://www.legacysurvey.org/viewer?ra=265.7503&dec=54.49144&layer=ls-dr9&zoom=16
2313282022523,248.8455393,51.1414327,18.7642,UNIONS J163522+510828,248.8456,51.1414,2022A&A...666A...1S,https://www.legacysurvey.org/viewer?ra=248.8456&dec=51.1414&layer=ls-dr9&zoom=16
2314241022716,182.0209727,30.5485968,20.2546,J1208+3032,182.02096,30.5486,2022arXiv220602764S,https://www.legacysurvey.org/viewer?ra=182.0209615&dec=30.54859548&layer=ls-dr9&zoom=16
2314277034900,236.576235,48.3641652,17.5557,J1546+4821,236.5762,48.3642,2021ApJ...909...27H,https://www.legacysurvey.org/viewer?ra=236.5762&dec=48.3642&layer=ls-dr9&zoom=16
2315243001827,184.437601,31.5263028,20.8995,J1217+3131,184.4375,31.5263,2021ApJ...909...27H,https://www.legacysurvey.org/viewer?ra=184.4375&dec=31.5263&layer=ls-dr9&zoom=16
2318239017082,182.5111473,29.7133069,20.7903,J1210+2942,182.5112,29.71343,2022ApJ...932..107S,https://www.legacysurvey.org/viewer?ra=182.5112&dec=29.713427&layer=ls-dr9&zoom=16
2318267007676,219.046334,43.4892571,18.3214,UNIONS J143611+432921,219.0464,43.4892,2022A&A...666A...1S,https://www.legacysurvey.org/viewer?ra=219.0464&dec=43.4892&layer=ls-dr9&zoom=16
2318267007676,219.046334,43.4892571,18.3214,HSCJ143611.09+432921.1,219.0462,43.4892,2020MNRAS.495.1291J,https://www.legacysurvey.org/viewer?ra=219.0462&dec=43.4892&layer=ls-dr9&zoom=16
2319281029212,251.1407757,50.6105329,18.7898,UNIONS J164433+503638,251.1408,50.6105,2022A&A...666A...1S,https://www.legacysurvey.org/viewer?ra=251.1408&dec=50.6105&layer=ls-dr9&zoom=16
2326276032236,243.9201735,48.1853237,18.0346,PS1J1615+4811,243.92083,48.18528,2020A&A...644A.163C,https://www.legacysurvey.org/viewer?ra=243.92083&dec=48.18528&layer=ls-dr9&zoom=16
2328262010001,217.5170887,41.0992249,17.4268,UNIONS J143004+410557,217.5171,41.0992,2022A&A...666A...1S,https://www.legacysurvey.org/viewer?ra=217.5171&dec=41.0992&layer=ls-dr9&zoom=16
2328262010001,217.5170887,41.0992249,17.4268,J1430+4105,217.51708,41.09919,2008ApJ...682..964B,https://www.legacysurvey.org/viewer?ra=217.51708&dec=41.09919&layer=ls-dr9&zoom=16
2329270010245,232.5739028,44.9065866,17.2586,PS1J1530+4454,232.575,44.90667,2020A&A...644A.163C,https://www.legacysurvey.org/viewer?ra=232.575&dec=44.90667&layer=ls-dr9&zoom=16
2332244032660,195.9770887,31.9486237,18.3226,UNIONS J130354+315655,195.977,31.9487,2022A&A...666A...1S,https://www.legacysurvey.org/viewer?ra=195.977&dec=31.9487&layer=ls-dr9&zoom=16
2332244032660,195.9770887,31.9486237,18.3226,J1303+3156,195.97699,31.94872,2022ApJ...932..107S,https://www.legacysurvey.org/viewer?ra=195.97699&dec=31.948719&layer=ls-dr9&zoom=16
2332265025960,225.3008076,42.3536727,19.2074,HSCJ150112.17+422113.3,225.3007,42.3537,2020MNRAS.495.1291J,https://www.legacysurvey.org/viewer?ra=225.3007&dec=42.3537&layer=ls-dr9&zoom=16
2334242015354,195.0679469,31.0156244,20.7342,J1300+3100,195.06795,31.01561,2022arXiv220602764S,https://www.legacysurvey.org/viewer?ra=195.0679483&dec=31.01561251&layer=ls-dr9&zoom=16
2336268020903,233.4371395,43.8934574,20.0313,HSCJ1533+4353,233.4371,43.8935,2021A&A...653L...6C,https://www.legacysurvey.org/viewer?ra=233.4371&dec=43.8935&layer=ls-dr9&zoom=16
2336268020903,233.4371395,43.8934574,20.0313,HSCJ153344.90+435336.3,233.43708,43.89342,2018ApJ...867..107W,https://www.legacysurvey.org/viewer?ra=233.43708&dec=43.89342&layer=ls-dr9&zoom=16
2337266001390,230.5712455,42.960762,19.3632,HSCJ152217+425738,230.57121,42.96079,2022A&A...662A...4S,https://www.legacysurvey.org/viewer?ra=230.57121&dec=42.96079&layer=ls-dr9&zoom=16
2337266001390,230.5712455,42.960762,19.3632,HSCJ1522+4257,230.5712,42.9608,2021A&A...653L...6C,https://www.legacysurvey.org/viewer?ra=230.5712&dec=42.9608&layer=ls-dr9&zoom=16
2337266001390,230.5712455,42.960762,19.3632,HSCJ152217.06+425738.5,230.5711,42.9607,2020MNRAS.495.1291J,https://www.legacysurvey.org/viewer?ra=230.5711&dec=42.9607&layer=ls-dr9&zoom=16
2337274033227,247.2912863,47.1453117,17.2971,J1629+4708,247.29133,47.14531,2012MNRAS.422.3574B,https://www.legacysurvey.org/viewer?ra=247.291334&dec=47.145309&layer=ls-dr9&zoom=16
2341268019450,237.3001026,43.7656831,18.5109,HSCJ154912+434556,237.30005,43.76569,2022A&A...662A...4S,https://www.legacysurvey.org/viewer?ra=237.30005&dec=43.76569&layer=ls-dr9&zoom=16
2346263003107,231.1496219,41.3459433,21.1773,J1524+4120,231.14954,41.34595,2022ApJ...932..107S,https://www.legacysurvey.org/viewer?ra=231.14954&dec=41.345947&layer=ls-dr9&zoom=16
2347282016734,275.3574469,51.0105822,19.5378,UNIONS J182125+510038,275.3575,51.0106,2022A&A...666A...1S,https://www.legacysurvey.org/viewer?ra=275.3575&dec=51.0106&layer=ls-dr9&zoom=16
2349267013020,240.7107665,43.5847401,18.4941,HSCJ160250.57+433504.9,240.7107,43.5847,2020MNRAS.495.1291J,https://www.legacysurvey.org/viewer?ra=240.7107&dec=43.5847&layer=ls-dr9&zoom=16
2352268016933,244.5774057,43.7575817,20.3584,HSCJ161818.55+434526.6,244.5773,43.7574,2020MNRAS.495.1291J,https://www.legacysurvey.org/viewer?ra=244.5773&dec=43.7574&layer=ls-dr9&zoom=16
2353258007035,227.3527709,39.027879,20.6623,J1509+3901,227.3528,39.0279,2021ApJ...909...27H,https://www.legacysurvey.org/viewer?ra=227.3528&dec=39.0279&layer=ls-dr9&zoom=16
2355264021335,238.8239469,41.8606742,19.7357,UNIONS J155517+415138,238.8239,41.8607,2022A&A...666A...1S,https://www.legacysurvey.org/viewer?ra=238.8239&dec=41.8607&layer=ls-dr9&zoom=16
2355264021335,238.8239469,41.8606742,19.7357,HSCJ155517+415138,238.82392,41.86074,2022A&A...662A...4S,https://www.legacysurvey.org/viewer?ra=238.82392&dec=41.86074&layer=ls-dr9&zoom=16
2355264021335,238.8239469,41.8606742,19.7357,HSCJ1555+4151,238.8239,41.8607,2021A&A...653L...6C,https://www.legacysurvey.org/viewer?ra=238.8239&dec=41.8607&layer=ls-dr9&zoom=16
2355264021335,238.8239469,41.8606742,19.7357,PS1J1555+4151,238.825,41.86083,2020A&A...644A.163C,https://www.legacysurvey.org/viewer?ra=238.825&dec=41.86083&layer=ls-dr9&zoom=16
2355264021335,238.8239469,41.8606742,19.7357,HSCJ155517.74+415138.7,238.82393,41.86075,2018PASJ...70S..29S,https://www.legacysurvey.org/viewer?ra=238.82393&dec=41.86075&layer=ls-dr9&zoom=16
2355264021335,238.8239469,41.8606742,19.7357,SDSSJ1555+4151,238.82391,41.86073,2021MNRAS.502.4617T,https://www.legacysurvey.org/viewer?ra=238.82391&dec=41.86073&layer=ls-dr9&zoom=16
2355264021335,238.8239469,41.8606742,19.7357,HSCJ155517+415138,238.824,41.861,2020A&A...636A..87C,https://www.legacysurvey.org/viewer?ra=238.82400&dec=41.86100&layer=ls-dr9&zoom=16
2357266033302,244.1413223,43.2492887,21.3482,HSCJ161633+431457,244.14133,43.24929,2022A&A...662A...4S,https://www.legacysurvey.org/viewer?ra=244.14133&dec=43.24929&layer=ls-dr9&zoom=16
2357273025596,259.3577645,46.3084607,19.5021,UNIONS J171725+461830,259.3578,46.3085,2022A&A...666A...1S,https://www.legacysurvey.org/viewer?ra=259.3578&dec=46.3085&layer=ls-dr9&zoom=16
2358261014985,235.5207861,40.3318847,19.4237,J1542+4019,235.5208,40.3319,2021ApJ...909...27H,https://www.legacysurvey.org/viewer?ra=235.5208&dec=40.3319&layer=ls-dr9&zoom=16
2358261014985,235.5207861,40.3318847,19.4237,J1542+4019,235.52079,40.33186,2020MNRAS.499.3610C,https://www.legacysurvey.org/viewer?ra=235.52079&dec=40.33186&layer=ls-dr9&zoom=16
2359264003246,241.7345507,42.1102561,21.3885,HSCJ160656.29+420636.9,241.73455,42.11024,2020MNRAS.494.3156J,https://www.legacysurvey.org/viewer?ra=241.73455&dec=42.11024&layer=ls-dr9&zoom=16
2359264003246,241.7345507,42.1102561,21.3885,J1606+4206,241.7346,42.1102,2021ApJ...909...27H,https://www.legacysurvey.org/viewer?ra=241.7346&dec=42.1102&layer=ls-dr9&zoom=16
2360269010703,252.4202398,44.6729363,21.2939,J1649+4440,252.4202,44.67296,2022arXiv220602764S,https://www.legacysurvey.org/viewer?ra=252.4201952&dec=44.67296347&layer=ls-dr9&zoom=16
2363265018328,246.2193317,42.7058886,18.1576,HSCJ162452+424221,246.21935,42.7059,2022A&A...662A...4S,https://www.legacysurvey.org/viewer?ra=246.21935&dec=42.7059&layer=ls-dr9&zoom=16
2366266015519,250.2740168,42.7938384,17.7228,HSCJ164105.76+424737.7,250.274,42.7938,2020MNRAS.495.1291J,https://www.legacysurvey.org/viewer?ra=250.274&dec=42.7938&layer=ls-dr9&zoom=16
2367243027951,214.9670064,31.4346276,20.4362,J1419+3126,214.96703,31.43462,2022ApJ...932..107S,https://www.legacysurvey.org/viewer?ra=214.96703&dec=31.434618&layer=ls-dr9&zoom=16
2368265008368,249.3773629,42.6759669,19.8432,J1637+4240,249.37735,42.67598,2022ApJ...932..107S,https://www.legacysurvey.org/viewer?ra=249.37735&dec=42.67598&layer=ls-dr9&zoom=16
2376251025025,231.0813188,35.266505,17.3983,Abell 2070,231.0812917,35.26647222,2008AJ....135..664H,https://www.legacysurvey.org/viewer?ra=231.081291666666&dec=35.2664722222222&layer=ls-dr9&zoom=16
2377260030066,245.8140845,39.8878077,18.2439,J1623+3953,245.81412,39.88783,2022arXiv220602764S,https://www.legacysurvey.org/viewer?ra=245.814119&dec=39.88782971&layer=ls-dr9&zoom=16
2388250024496,236.5553628,35.0801904,19.0225,UNIONS J154613+350448,236.5553,35.0802,2022A&A...666A...1S,https://www.legacysurvey.org/viewer?ra=236.5553&dec=35.0802&layer=ls-dr9&zoom=16
2388250024496,236.5553628,35.0801904,19.0225,J1546+3504,236.5553,35.0802,2021ApJ...909...27H,https://www.legacysurvey.org/viewer?ra=236.5553&dec=35.0802&layer=ls-dr9&zoom=16
2400254019535,250.3043776,37.070822,19.9838,UNIONS J164113+370415,250.3043,37.0708,2022A&A...666A...1S,https://www.legacysurvey.org/viewer?ra=250.3043&dec=37.0708&layer=ls-dr9&zoom=16
2402247032787,240.7861767,33.5101384,19.5483,UNIONS J160308+333036,240.7861,33.5101,2022A&A...666A...1S,https://www.legacysurvey.org/viewer?ra=240.7861&dec=33.5101&layer=ls-dr9&zoom=16
2402247032787,240.7861767,33.5101384,19.5483,PS1J1603+3330,240.7875,33.51,2020A&A...644A.163C,https://www.legacysurvey.org/viewer?ra=240.7875&dec=33.51&layer=ls-dr9&zoom=16
2407248014646,245.4648361,34.1488728,18.8367,J1621+3408,245.46484,34.1488,2022ApJ...932..107S,https://www.legacysurvey.org/viewer?ra=245.46484&dec=34.1488&layer=ls-dr9&zoom=16
2408241019220,236.5030207,30.6001081,19.3691,UNIONS J154600+303600,236.5031,30.6001,2022A&A...666A...1S,https://www.legacysurvey.org/viewer?ra=236.5031&dec=30.6001&layer=ls-dr9&zoom=16
2411247008917,246.4201782,33.2656903,20.3357,UNIONS J162540+331556,246.4202,33.266,2022A&A...666A...1S,https://www.legacysurvey.org/viewer?ra=246.4202&dec=33.266&layer=ls-dr9&zoom=16
2411247008917,246.4201782,33.2656903,20.3357,J1625+3315,246.4202,33.2659,2021ApJ...909...27H,https://www.legacysurvey.org/viewer?ra=246.4202&dec=33.2659&layer=ls-dr9&zoom=16
2415253036817,258.4196267,36.701298,18.7151,UNIONS J171340+364204,258.4197,36.7013,2022A&A...666A...1S,https://www.legacysurvey.org/viewer?ra=258.4197&dec=36.7013&layer=ls-dr9&zoom=16
2415253036817,258.4196267,36.701298,18.7151,J1713+3642,258.41968,36.70135,2022ApJ...932..107S,https://www.legacysurvey.org/viewer?ra=258.41968&dec=36.701347&layer=ls-dr9&zoom=16
2420247036794,252.0920092,33.4735161,17.9945,UNIONS J164822+332824,252.0921,33.4735,2022A&A...666A...1S,https://www.legacysurvey.org/viewer?ra=252.0921&dec=33.4735&layer=ls-dr9&zoom=16
2431244030697,254.2942258,31.8480003,20.7062,UNIONS J165710+315052,254.2944,31.848,2022A&A...666A...1S,https://www.legacysurvey.org/viewer?ra=254.2944&dec=31.848&layer=ls-dr9&zoom=16
2431244030697,254.2942258,31.8480003,20.7062,PS1J1657+3150,254.2943,31.848,2020A&A...644A.163C,https://www.legacysurvey.org/viewer?ra=254.2943&dec=31.848&layer=ls-dr9&zoom=16
2431244030697,254.2942258,31.8480003,20.7062,J1657+3150,254.2942,31.848,2021ApJ...909...27H,https://www.legacysurvey.org/viewer?ra=254.2942&dec=31.848&layer=ls-dr9&zoom=16
2432242035112,251.7231419,30.9372213,19.5554,J1646+3056,251.72304,30.93741,2022ApJ...932..107S,https://www.legacysurvey.org/viewer?ra=251.72304&dec=30.937405&layer=ls-dr9&zoom=16
2433239023515,248.8716459,29.7313274,19.3356,J1635+2943,248.87165,29.73138,2022arXiv220602764S,https://www.legacysurvey.org/viewer?ra=248.8716509&dec=29.73138073&layer=ls-dr9&zoom=16
2433242044629,252.4187059,30.819202,18.9503,UNIONS J164940+304909,252.4188,30.8192,2022A&A...666A...1S,https://www.legacysurvey.org/viewer?ra=252.4188&dec=30.8192&layer=ls-dr9&zoom=16
2433242044629,252.4187059,30.819202,18.9503,PS1J1649+3049,252.41667,30.81917,2020A&A...644A.163C,https://www.legacysurvey.org/viewer?ra=252.41667&dec=30.81917&layer=ls-dr9&zoom=16
2433248011932,260.9005925,34.1994629,18.7387,J1723+3411,260.9006,34.1995,2021ApJ...909...27H,https://www.legacysurvey.org/viewer?ra=260.9006&dec=34.1995&layer=ls-dr9&zoom=16
2434242027316,253.2568213,30.8664924,20.7188,J1653+3051,253.2568,30.8665,2021ApJ...909...27H,https://www.legacysurvey.org/viewer?ra=253.2568&dec=30.8665&layer=ls-dr9&zoom=16
2438247027197,262.3537356,33.7482659,19.3524,SDSSJ1729+3344,262.35373,33.74822,2021MNRAS.502.4617T,https://www.legacysurvey.org/viewer?ra=262.35373&dec=33.748222&layer=ls-dr9&zoom=16
2448247014468,268.7815331,33.7219613,18.8347,UNIONS J175507+334318,268.7814,33.7219,2022A&A...666A...1S,https://www.legacysurvey.org/viewer?ra=268.7814&dec=33.7219&layer=ls-dr9&zoom=16
2453242003742,264.2456121,30.9714924,19.8426,UNIONS J173658+305817,264.2456,30.9716,2022A&A...666A...1S,https://www.legacysurvey.org/viewer?ra=264.2456&dec=30.9716&layer=ls-dr9&zoom=16
2453242003742,264.2456121,30.9714924,19.8426,J1736+3058,264.24573,30.97153,2022arXiv220602764S,https://www.legacysurvey.org/viewer?ra=264.2457307&dec=30.97153307&layer=ls-dr9&zoom=16
2571254006221,357.5314653,36.9095891,18.6434,PS1J2350+3654,357.53333,36.90972,2020A&A...644A.163C,https://www.legacysurvey.org/viewer?ra=357.53333&dec=36.90972&layer=ls-dr9&zoom=16
2571254006221,357.5314653,36.9095891,18.6434,J2350+3654,357.53143,36.90959,2019MNRAS.483.4242L,https://www.legacysurvey.org/viewer?ra=357.53143&dec=36.90959&layer=ls-dr9&zoom=16
2601242018050,350.5211419,31.2467981,19.276,UNIONS J232205+311448,350.5212,31.2468,2022A&A...666A...1S,https://www.legacysurvey.org/viewer?ra=350.5212&dec=31.2468&layer=ls-dr9&zoom=16
2602246008251,358.8657872,32.8790595,18.2744,UNIONS J235527+325244,358.8658,32.8791,2022A&A...666A...1S,https://www.legacysurvey.org/viewer?ra=358.8658&dec=32.8791&layer=ls-dr9&zoom=16
2602246008251,358.8657872,32.8790595,18.2744,PS1J2355+3252,358.86667,32.87917,2020A&A...644A.163C,https://www.legacysurvey.org/viewer?ra=358.86667&dec=32.87917&layer=ls-dr9&zoom=16
2610242003865,355.8526587,30.9828384,19.6846,UNIONS J234324+305858,355.8528,30.9833,2022A&A...666A...1S,https://www.legacysurvey.org/viewer?ra=355.8528&dec=30.9833&layer=ls-dr9&zoom=16
2615240019733,355.1190068,29.7963663,19.8754,J2340+2947,355.119,29.7964,2021ApJ...909...27H,https://www.legacysurvey.org/viewer?ra=355.119&dec=29.7964&layer=ls-dr9&zoom=16
3005246006547,2.832695,32.7766397,18.6348,UNIONS J001119+324635,2.8328,32.7766,2022A&A...666A...1S,https://www.legacysurvey.org/viewer?ra=2.8328&dec=32.7766&layer=ls-dr9&zoom=16
3008244006969,4.8653542,32.0834212,18.3736,J0019+3205,4.8654,32.0834,2021ApJ...909...27H,https://www.legacysurvey.org/viewer?ra=4.8654&dec=32.0834&layer=ls-dr9&zoom=16
3022248002844,13.4983211,34.0421733,17.1204,UNIONS J005359+340231,13.4983,34.0421,2022A&A...666A...1S,https://www.legacysurvey.org/viewer?ra=13.4983&dec=34.0421&layer=ls-dr9&zoom=16
3028254010443,17.8324849,36.918527,18.6356,UNIONS J011119+365506,17.8327,36.9184,2022A&A...666A...1S,https://www.legacysurvey.org/viewer?ra=17.8327&dec=36.9184&layer=ls-dr9&zoom=16
3044242000205,25.4848519,30.7584325,20.2101,J0141+3045,25.4848,30.7585,2021ApJ...909...27H,https://www.legacysurvey.org/viewer?ra=25.4848&dec=30.7585&layer=ls-dr9&zoom=16
3044242000205,25.4848519,30.7584325,20.2101,SDSSJ0141+3045,25.48479,30.75845,2021MNRAS.502.4617T,https://www.legacysurvey.org/viewer?ra=25.484785&dec=30.75845&layer=ls-dr9&zoom=16
3050246006205,29.6497251,32.99454,18.4903,UNIONS J015835+325940,29.6497,32.9945,2022A&A...666A...1S,https://www.legacysurvey.org/viewer?ra=29.6497&dec=32.9945&layer=ls-dr9&zoom=16
3058241000393,33.4030761,30.3012517,18.293,UNIONS J021336+301804,33.4031,30.3012,2022A&A...666A...1S,https://www.legacysurvey.org/viewer?ra=33.4031&dec=30.3012&layer=ls-dr9&zoom=16
3137293005817,123.8579094,56.3863663,17.8687,J0815+5623,123.85777,56.38638,2022ApJ...932..107S,https://www.legacysurvey.org/viewer?ra=123.85777&dec=56.386375&layer=ls-dr9&zoom=16
3164278006124,125.0536526,48.7935654,17.6646,J0820+4847,125.05363,48.79364,2011MNRAS.417.1601T,https://www.legacysurvey.org/viewer?ra=125.05363&dec=48.79364&layer=ls-dr9&zoom=16
3192270008826,136.0957187,45.0733078,17.9493,J0904+4504,136.0956,45.0733,2021ApJ...909...27H,https://www.legacysurvey.org/viewer?ra=136.0956&dec=45.0733&layer=ls-dr9&zoom=16
3195249005433,118.4425367,34.2760354,17.1423,SDSSJ0753+3416,118.44254,34.27597,2017ApJ...851...48S,https://www.legacysurvey.org/viewer?ra=118.4425417&dec=34.2759722&layer=ls-dr9&zoom=16
3195249005433,118.4425367,34.2760354,17.1423,UNIONS J075346+341633,118.4426,34.276,2022A&A...666A...1S,https://www.legacysurvey.org/viewer?ra=118.4426&dec=34.276&layer=ls-dr9&zoom=16
3197243008290,115.4343495,31.2783444,17.8416,UNIONS J074144+311642,115.4344,31.2783,2022A&A...666A...1S,https://www.legacysurvey.org/viewer?ra=115.4344&dec=31.2783&layer=ls-dr9&zoom=16
3198256003828,125.5702827,38.227173,18.3009,UNIONS J082216+381337,125.5703,38.2272,2022A&A...666A...1S,https://www.legacysurvey.org/viewer?ra=125.5703&dec=38.2272&layer=ls-dr9&zoom=16
3201267004034,138.564256,43.3154784,19.5343,UNIONS J091415+431855,138.5643,43.3154,2022A&A...666A...1S,https://www.legacysurvey.org/viewer?ra=138.5643&dec=43.3154&layer=ls-dr9&zoom=16
3201267004034,138.564256,43.3154784,19.5343,SDSSJ0914+4318,138.56432,43.31539,2021MNRAS.502.4617T,https://www.legacysurvey.org/viewer?ra=138.56432&dec=43.315388&layer=ls-dr9&zoom=16
3202265013315,136.7323515,42.4209488,20.5083,J0906+4225,136.73213,42.42091,2022ApJ...932..107S,https://www.legacysurvey.org/viewer?ra=136.73213&dec=42.420914&layer=ls-dr9&zoom=16
3210263002691,139.9908452,41.6468938,18.1191,UNIONS J091957+413848,139.9909,41.6469,2022A&A...666A...1S,https://www.legacysurvey.org/viewer?ra=139.9909&dec=41.6469&layer=ls-dr9&zoom=16
3211242009803,123.242519,30.8940569,18.7415,UNIONS J081258+305338,123.2425,30.894,2022A&A...666A...1S,https://www.legacysurvey.org/viewer?ra=123.2425&dec=30.894&layer=ls-dr9&zoom=16
3215252008031,132.8603632,35.9704321,17.1385,J0851+3558,132.8603,35.9706,2022arXiv220602764S,https://www.legacysurvey.org/viewer?ra=132.8603&dec=35.9706&layer=ls-dr9&zoom=16
3217251006837,133.3974865,35.4473314,18.9958,UNIONS J085335+352650,133.3975,35.4474,2022A&A...666A...1S,https://www.legacysurvey.org/viewer?ra=133.3975&dec=35.4474&layer=ls-dr9&zoom=16
3218258002953,139.9702886,39.0641036,19.573,UNIONS J091952+390350,139.9703,39.064,2022A&A...666A...1S,https://www.legacysurvey.org/viewer?ra=139.9703&dec=39.064&layer=ls-dr9&zoom=16
3223241001541,129.6056703,30.2873525,17.5958,J0838+3017,129.6057,30.2873,2021ApJ...909...27H,https://www.legacysurvey.org/viewer?ra=129.6057&dec=30.2873&layer=ls-dr9&zoom=16
3228240005120,131.4457182,29.9080293,19.0763,J0845+2954,131.4458,29.908,2022arXiv220602764S,https://www.legacysurvey.org/viewer?ra=131.4458&dec=29.908&layer=ls-dr9&zoom=16
3237240007027,137.0006739,30.1728027,18.5022,J0908+3010,137.00062,30.17278,2022arXiv220602764S,https://www.legacysurvey.org/viewer?ra=137.0006196&dec=30.17278399&layer=ls-dr9&zoom=16
3241254006388,151.0934891,36.8060078,20.0666,UNIONS J100422+364821,151.0935,36.806,2022A&A...666A...1S,https://www.legacysurvey.org/viewer?ra=151.0935&dec=36.806&layer=ls-dr9&zoom=16
3253266005614,173.0145066,43.1216472,18.5901,UNIONS J113203+430718,173.0146,43.1217,2022A&A...666A...1S,https://www.legacysurvey.org/viewer?ra=173.0146&dec=43.1217&layer=ls-dr9&zoom=16
3253266005614,173.0145066,43.1216472,18.5901,J1132+4307,173.01448,43.12164,2022ApJ...932..107S,https://www.legacysurvey.org/viewer?ra=173.01448&dec=43.121643&layer=ls-dr9&zoom=16
3257266004182,175.7321493,43.1339566,19.0075,J1142+4308,175.7321,43.1339,2021ApJ...909...27H,https://www.legacysurvey.org/viewer?ra=175.7321&dec=43.1339&layer=ls-dr9&zoom=16
3258253003203,160.640659,36.493531,18.4153,UNIONS J104233+362936,160.6406,36.4935,2022A&A...666A...1S,https://www.legacysurvey.org/viewer?ra=160.6406&dec=36.4935&layer=ls-dr9&zoom=16
3264251010381,162.3474622,35.7447414,18.0401,J1049+3544,162.3475,35.7447,2021ApJ...909...27H,https://www.legacysurvey.org/viewer?ra=162.3475&dec=35.7447&layer=ls-dr9&zoom=16
3264256005811,167.2392222,37.8603201,17.7827,J1108+3751,167.2393,37.8604,2021ApJ...909...27H,https://www.legacysurvey.org/viewer?ra=167.2393&dec=37.8604&layer=ls-dr9&zoom=16
3272264003120,182.9158049,42.0055229,19.4773,PS1J1211+4200,182.91667,42.00556,2020A&A...644A.163C,https://www.legacysurvey.org/viewer?ra=182.91667&dec=42.00556&layer=ls-dr9&zoom=16
3284254009942,177.6351923,36.9262732,18.0125,J1150+3655,177.6352,36.92629,2022ApJ...932..107S,https://www.legacysurvey.org/viewer?ra=177.6352&dec=36.926285&layer=ls-dr9&zoom=16
3284254009942,177.6351923,36.9262732,18.0125,J1150+3655,177.6351,36.9263,2022arXiv220602764S,https://www.legacysurvey.org/viewer?ra=177.6351&dec=36.9263&layer=ls-dr9&zoom=16
3285246003103,170.1461936,32.8663116,19.8428,UNIONS J112035+325158,170.1462,32.8663,2022A&A...666A...1S,https://www.legacysurvey.org/viewer?ra=170.1462&dec=32.8663&layer=ls-dr9&zoom=16
3294242000382,171.3078901,30.9682436,18.7928,J1125+3058,171.30787,30.96822,2017MNRAS.465.3185O,https://www.legacysurvey.org/viewer?ra=171.30787&dec=30.96822&layer=ls-dr9&zoom=16
3294252009695,181.8726134,35.9773307,18.2843,UNIONS J120729+355838,181.8725,35.9774,2022A&A...666A...1S,https://www.legacysurvey.org/viewer?ra=181.8725&dec=35.9774&layer=ls-dr9&zoom=16
3302241007451,174.9690055,30.5346913,18.1267,UNIONS J113952+303204,174.969,30.5346,2022A&A...666A...1S,https://www.legacysurvey.org/viewer?ra=174.969&dec=30.5346&layer=ls-dr9&zoom=16
3304243011077,178.0188303,31.7496638,20.078,J1152+3144,178.01881,31.74968,2022ApJ...932..107S,https://www.legacysurvey.org/viewer?ra=178.01881&dec=31.749676&layer=ls-dr9&zoom=16
3307248009724,184.9975683,34.0363823,17.8463,UNIONS J121959+340210,184.9976,34.0363,2022A&A...666A...1S,https://www.legacysurvey.org/viewer?ra=184.9976&dec=34.0363&layer=ls-dr9&zoom=16
3307248009724,184.9975683,34.0363823,17.8463,J1219+3402,184.99755,34.03636,2022arXiv220602764S,https://www.legacysurvey.org/viewer?ra=184.9975531&dec=34.03635564&layer=ls-dr9&zoom=16
3310242004275,180.8743657,31.218056,18.4183,UNIONS J120329+311304,180.8745,31.2179,2022A&A...666A...1S,https://www.legacysurvey.org/viewer?ra=180.8745&dec=31.2179&layer=ls-dr9&zoom=16
3311287008613,261.2166517,53.3502997,17.3743,UNIONS J172451+532101,261.2167,53.3503,2022A&A...666A...1S,https://www.legacysurvey.org/viewer?ra=261.2167&dec=53.3503&layer=ls-dr9&zoom=16
3317282005257,251.9742338,51.2190909,19.4561,UNIONS J164753+511308,251.9743,51.2191,2022A&A...666A...1S,https://www.legacysurvey.org/viewer?ra=251.9743&dec=51.2191&layer=ls-dr9&zoom=16
3323252010861,199.3293004,35.9832872,18.649,UNIONS J131719+355859,199.3293,35.9833,2022A&A...666A...1S,https://www.legacysurvey.org/viewer?ra=199.3293&dec=35.9833&layer=ls-dr9&zoom=16
3324241003724,187.8744679,30.3735434,19.9503,UNIONS J123129+302224,187.8745,30.3735,2022A&A...666A...1S,https://www.legacysurvey.org/viewer?ra=187.8745&dec=30.3735&layer=ls-dr9&zoom=16
3324278001964,246.6315325,49.1584312,19.4244,J1626+4909,246.6316,49.1584,2021ApJ...909...27H,https://www.legacysurvey.org/viewer?ra=246.6316&dec=49.1584&layer=ls-dr9&zoom=16
3325243006871,190.5980646,31.4848467,18.0246,UNIONS J124223+312905,190.5981,31.4848,2022A&A...666A...1S,https://www.legacysurvey.org/viewer?ra=190.5981&dec=31.4848&layer=ls-dr9&zoom=16
3325243006871,190.5980646,31.4848467,18.0246,J1242+3129,190.5981,31.4848,2021ApJ...909...27H,https://www.legacysurvey.org/viewer?ra=190.5981&dec=31.4848&layer=ls-dr9&zoom=16
3328279002598,252.5160096,49.7137612,18.9714,J1650+4942,252.51604,49.71384,2020MNRAS.499.3610C,https://www.legacysurvey.org/viewer?ra=252.51604&dec=49.71384&layer=ls-dr9&zoom=16
3330268001690,229.7017859,43.8813825,18.0217,HSCJ151848.42+435253.0,229.70176,43.8814,2018ApJ...867..107W,https://www.legacysurvey.org/viewer?ra=229.70176&dec=43.8814&layer=ls-dr9&zoom=16
3331267004825,228.4880826,43.5582345,17.0691,HSCJ151357.12+433329.5,228.488,43.5582,2020MNRAS.495.1291J,https://www.legacysurvey.org/viewer?ra=228.488&dec=43.5582&layer=ls-dr9&zoom=16
3333244006160,196.376246,32.1953244,18.7421,UNIONS J130530+321143,196.3763,32.1952,2022A&A...666A...1S,https://www.legacysurvey.org/viewer?ra=196.3763&dec=32.1952&layer=ls-dr9&zoom=16
3338245012675,200.3600863,32.6459311,18.2819,UNIONS J132126+323845,200.3601,32.646,2022A&A...666A...1S,https://www.legacysurvey.org/viewer?ra=200.3601&dec=32.646&layer=ls-dr9&zoom=16
3339240009280,195.7458351,30.1648091,18.6189,UNIONS J130259+300953,195.7458,30.1647,2022A&A...666A...1S,https://www.legacysurvey.org/viewer?ra=195.7458&dec=30.1647&layer=ls-dr9&zoom=16
3339242005961,197.7103282,30.8678385,20.2104,J1310+3052,197.71032,30.8678,2022arXiv220602764S,https://www.legacysurvey.org/viewer?ra=197.7103174&dec=30.86780042&layer=ls-dr9&zoom=16
3362269013152,253.5100646,44.7145783,18.9319,UNIONS J165402+444252,253.51,44.7146,2022A&A...666A...1S,https://www.legacysurvey.org/viewer?ra=253.51&dec=44.7146&layer=ls-dr9&zoom=16
3380252005181,234.9997576,35.8317376,17.7901,UNIONS J153959+354954,234.9998,35.8317,2022A&A...666A...1S,https://www.legacysurvey.org/viewer?ra=234.9998&dec=35.8317&layer=ls-dr9&zoom=16
3401244006663,236.5554238,32.1257356,17.6938,UNIONS J154613+320732,236.5555,32.1258,2022A&A...666A...1S,https://www.legacysurvey.org/viewer?ra=236.5555&dec=32.1258&layer=ls-dr9&zoom=16
3402248003078,242.2658688,33.8525617,19.3162,UNIONS J160903+335108,242.2659,33.8525,2022A&A...666A...1S,https://www.legacysurvey.org/viewer?ra=242.2659&dec=33.8525&layer=ls-dr9&zoom=16
3406256003706,257.8635204,38.1453503,18.8988,UNIONS J171127+380843,257.8636,38.1454,2022A&A...666A...1S,https://www.legacysurvey.org/viewer?ra=257.8636&dec=38.1454&layer=ls-dr9&zoom=16
3406256003706,257.8635204,38.1453503,18.8988,J1711+3808,257.86348,38.14535,2022arXiv220602764S,https://www.legacysurvey.org/viewer?ra=257.863484&dec=38.14535171&layer=ls-dr9&zoom=16
3407242011186,237.3014262,30.7879019,17.0517,MG1549+3047,237.3014,30.7879,1993AJ....105..847L,https://www.legacysurvey.org/viewer?ra=237.30140&dec=30.78790&layer=ls-dr9&zoom=16
3407244008576,239.8472065,31.7867967,17.0137,UNIONS J155923+314712,239.8472,31.7868,2022A&A...666A...1S,https://www.legacysurvey.org/viewer?ra=239.8472&dec=31.7868&layer=ls-dr9&zoom=16
3407244008576,239.8472065,31.7867967,17.0137,PS1J1559+3147,239.84583,31.78667,2020A&A...644A.163C,https://www.legacysurvey.org/viewer?ra=239.84583&dec=31.78667&layer=ls-dr9&zoom=16
3412259009381,266.9347477,39.3157721,18.089,UNIONS J174744+391856,266.9348,39.3158,2022A&A...666A...1S,https://www.legacysurvey.org/viewer?ra=266.9348&dec=39.3158&layer=ls-dr9&zoom=16
3418245002125,247.8130948,32.6762078,19.506,UNIONS J163115+324034,247.8131,32.6762,2022A&A...666A...1S,https://www.legacysurvey.org/viewer?ra=247.8131&dec=32.6762&layer=ls-dr9&zoom=16
3421256006903,267.1204629,37.7608584,19.226,UNIONS J174828+374539,267.1205,37.7609,2022A&A...666A...1S,https://www.legacysurvey.org/viewer?ra=267.1205&dec=37.7609&layer=ls-dr9&zoom=16
3422256005965,267.7928652,37.8845318,18.4725,J1751+3753,267.7927,37.8846,2022arXiv220602764S,https://www.legacysurvey.org/viewer?ra=267.7927&dec=37.8846&layer=ls-dr9&zoom=16
3443244009588,261.0499531,31.7762719,17.136,PS1J1724+3146,261.05,31.77639,2020A&A...644A.163C,https://www.legacysurvey.org/viewer?ra=261.05&dec=31.77639&layer=ls-dr9&zoom=16
3578248004814,348.5144109,33.9685829,20.0022,UNIONS J231403+335806,348.5144,33.9686,2022A&A...666A...1S,https://www.legacysurvey.org/viewer?ra=348.5144&dec=33.9686&layer=ls-dr9&zoom=16
3592248005868,356.9478827,34.196929,17.3304,UNIONS J234747+341149,356.9478,34.1969,2022A&A...666A...1S,https://www.legacysurvey.org/viewer?ra=356.9478&dec=34.1969&layer=ls-dr9&zoom=16
3614240006177,354.5521672,30.2242603,18.0496,UNIONS J233812+301327,354.5522,30.2243,2022A&A...666A...1S,https://www.legacysurvey.org/viewer?ra=354.5522&dec=30.2243&layer=ls-dr9&zoom=16
